{
  "baseline_best": {
    "experiment_id": "D_hybrid_enhanced_dedup",
    "all": {
      "query_count": 111,
      "answered_query_count": 95,
      "avg_latency_ms": 71.3687729732703,
      "p95_latency_ms": 141.5899999992689,
      "mrr_at_10": 0.8614035087719298,
      "hit_at_1": 0.8421052631578947,
      "precision_at_1": 0.8421052631578947,
      "group_recall_at_1": 0.8894736842105263,
      "ndcg_at_1": 0.8556390977443609,
      "duplicate_rate_at_1": 0.0,
      "hit_at_3": 0.8842105263157894,
      "precision_at_3": 0.7087719298245614,
      "group_recall_at_3": 0.9157894736842105,
      "ndcg_at_3": 0.8448722368501693,
      "duplicate_rate_at_3": 0.0,
      "hit_at_5": 0.8842105263157894,
      "precision_at_5": 0.6694736842105263,
      "group_recall_at_5": 0.9157894736842105,
      "ndcg_at_5": 0.8544491300239718,
      "duplicate_rate_at_5": 0.0,
      "hit_at_10": 0.8842105263157894,
      "precision_at_10": 0.5778947368421052,
      "group_recall_at_10": 0.9157894736842105,
      "ndcg_at_10": 0.8892058723748247,
      "duplicate_rate_at_10": 0.00046783625730994154,
      "no_answer": {
        "threshold": 24.893300500000002,
        "precision": 0.4117647058823529,
        "recall": 0.875,
        "f1": 0.56,
        "false_support_rate": 0.125,
        "test_no_answer_count": 8
      }
    },
    "held_out_test": {
      "query_count": 65,
      "answered_query_count": 57,
      "avg_latency_ms": 71.42488615432879,
      "p95_latency_ms": 141.5899999992689,
      "mrr_at_10": 0.8391812865497076,
      "hit_at_1": 0.8070175438596491,
      "precision_at_1": 0.8070175438596491,
      "group_recall_at_1": 0.868421052631579,
      "ndcg_at_1": 0.8245614035087719,
      "duplicate_rate_at_1": 0.0,
      "hit_at_3": 0.8771929824561403,
      "precision_at_3": 0.7017543859649122,
      "group_recall_at_3": 0.9122807017543859,
      "ndcg_at_3": 0.8307671078848635,
      "duplicate_rate_at_3": 0.0,
      "hit_at_5": 0.8771929824561403,
      "precision_at_5": 0.6666666666666666,
      "group_recall_at_5": 0.9122807017543859,
      "ndcg_at_5": 0.8456490252583799,
      "duplicate_rate_at_5": 0.0,
      "hit_at_10": 0.8771929824561403,
      "precision_at_10": 0.5684210526315789,
      "group_recall_at_10": 0.9122807017543859,
      "ndcg_at_10": 0.8821428237654305,
      "duplicate_rate_at_10": 0.0003898635477582846,
      "no_answer": {
        "threshold": 24.893300500000002,
        "precision": 0.4117647058823529,
        "recall": 0.875,
        "f1": 0.56,
        "false_support_rate": 0.125,
        "test_no_answer_count": 8
      }
    },
    "slices": {
      "intent": {
        "after_sale": {
          "count": 6,
          "hit_at_3": 0.8333333333333334,
          "group_recall_at_3": 0.9166666666666666,
          "mrr_at_10": 0.8333333333333334,
          "ndcg_at_5": 0.8802274880952037,
          "precision_at_3": 0.3888888888888889,
          "duplicate_rate_at_3": 0.0
        },
        "authenticity_shelf_life": {
          "count": 6,
          "hit_at_3": 1.0,
          "group_recall_at_3": 1.0,
          "mrr_at_10": 1.0,
          "ndcg_at_5": 1.0,
          "precision_at_3": 0.8333333333333333,
          "duplicate_rate_at_3": 0.0
        },
        "compatibility": {
          "count": 3,
          "hit_at_3": 1.0,
          "group_recall_at_3": 1.0,
          "mrr_at_10": 1.0,
          "ndcg_at_5": 0.9189112777608882,
          "precision_at_3": 0.3333333333333333,
          "duplicate_rate_at_3": 0.0
        },
        "efficacy": {
          "count": 3,
          "hit_at_3": 1.0,
          "group_recall_at_3": 1.0,
          "mrr_at_10": 0.7777777777777778,
          "ndcg_at_5": 0.7935066935300138,
          "precision_at_3": 0.6666666666666666,
          "duplicate_rate_at_3": 0.0
        },
        "gift_sample": {
          "count": 3,
          "hit_at_3": 1.0,
          "group_recall_at_3": 1.0,
          "mrr_at_10": 1.0,
          "ndcg_at_5": 1.0,
          "precision_at_3": 1.0,
          "duplicate_rate_at_3": 0.0
        },
        "ingredient": {
          "count": 3,
          "hit_at_3": 1.0,
          "group_recall_at_3": 1.0,
          "mrr_at_10": 1.0,
          "ndcg_at_5": 0.8904096093224755,
          "precision_at_3": 0.7777777777777778,
          "duplicate_rate_at_3": 0.0
        },
        "invoice": {
          "count": 3,
          "hit_at_3": 1.0,
          "group_recall_at_3": 1.0,
          "mrr_at_10": 1.0,
          "ndcg_at_5": 1.0,
          "precision_at_3": 1.0,
          "duplicate_rate_at_3": 0.0
        },
        "logistics": {
          "count": 3,
          "hit_at_3": 1.0,
          "group_recall_at_3": 1.0,
          "mrr_at_10": 0.8333333333333334,
          "ndcg_at_5": 0.8419581514262446,
          "precision_at_3": 0.7777777777777778,
          "duplicate_rate_at_3": 0.0
        },
        "logistics_delay": {
          "count": 3,
          "hit_at_3": 1.0,
          "group_recall_at_3": 1.0,
          "mrr_at_10": 1.0,
          "ndcg_at_5": 1.0,
          "precision_at_3": 0.7777777777777778,
          "duplicate_rate_at_3": 0.0
        },
        "price": {
          "count": 3,
          "hit_at_3": 1.0,
          "group_recall_at_3": 1.0,
          "mrr_at_10": 0.8333333333333334,
          "ndcg_at_5": 0.9030970842075382,
          "precision_at_3": 0.8888888888888888,
          "duplicate_rate_at_3": 0.0
        },
        "product_info": {
          "count": 3,
          "hit_at_3": 0.0,
          "group_recall_at_3": 0.0,
          "mrr_at_10": 0.0,
          "ndcg_at_5": 0.0,
          "precision_at_3": 0.0,
          "duplicate_rate_at_3": 0.0
        },
        "quality_issue": {
          "count": 3,
          "hit_at_3": 1.0,
          "group_recall_at_3": 1.0,
          "mrr_at_10": 1.0,
          "ndcg_at_5": 1.0,
          "precision_at_3": 1.0,
          "duplicate_rate_at_3": 0.0
        },
        "review": {
          "count": 3,
          "hit_at_3": 0.0,
          "group_recall_at_3": 0.5,
          "mrr_at_10": 0.0,
          "ndcg_at_5": 0.3134506431694485,
          "precision_at_3": 0.0,
          "duplicate_rate_at_3": 0.0
        },
        "routine": {
          "count": 3,
          "hit_at_3": 1.0,
          "group_recall_at_3": 1.0,
          "mrr_at_10": 1.0,
          "ndcg_at_5": 1.0,
          "precision_at_3": 1.0,
          "duplicate_rate_at_3": 0.0
        },
        "shade_color": {
          "count": 3,
          "hit_at_3": 1.0,
          "group_recall_at_3": 1.0,
          "mrr_at_10": 1.0,
          "ndcg_at_5": 1.0,
          "precision_at_3": 1.0,
          "duplicate_rate_at_3": 0.0
        },
        "skin_type": {
          "count": 3,
          "hit_at_3": 1.0,
          "group_recall_at_3": 1.0,
          "mrr_at_10": 1.0,
          "ndcg_at_5": 0.7585964460600745,
          "precision_at_3": 0.7777777777777778,
          "duplicate_rate_at_3": 0.0
        },
        "usage": {
          "count": 3,
          "hit_at_3": 1.0,
          "group_recall_at_3": 1.0,
          "mrr_at_10": 0.8333333333333334,
          "ndcg_at_5": 0.886946598242128,
          "precision_at_3": 0.8888888888888888,
          "duplicate_rate_at_3": 0.0
        }
      },
      "query_type": {
        "colloquial_noise": {
          "count": 19,
          "hit_at_3": 0.8421052631578947,
          "group_recall_at_3": 0.8947368421052632,
          "mrr_at_10": 0.7807017543859649,
          "ndcg_at_5": 0.8005693210541258,
          "precision_at_3": 0.6666666666666666,
          "duplicate_rate_at_3": 0.0
        },
        "confusing_long": {
          "count": 19,
          "hit_at_3": 0.8947368421052632,
          "group_recall_at_3": 0.9210526315789473,
          "mrr_at_10": 0.8947368421052632,
          "ndcg_at_5": 0.8821453210450434,
          "precision_at_3": 0.7192982456140351,
          "duplicate_rate_at_3": 0.0
        },
        "multi_turn": {
          "count": 19,
          "hit_at_3": 0.8947368421052632,